filename,cgscc-passmgr Maximum CGSCCPassMgr iterations on one SCC,instcount Number of AShr insts,instcount Number of Add insts,instcount Number of Alloca insts,instcount Number of And insts,instcount Number of BitCast insts,instcount Number of Br insts,instcount Number of Call insts,instcount Number of FAdd insts,instcount Number of FCmp insts,instcount Number of FDiv insts,instcount Number of FMul insts,instcount Number of FSub insts,instcount Number of GetElementPtr insts,instcount Number of ICmp insts,instcount Number of Load insts,instcount Number of Mul insts,instcount Number of Or insts,instcount Number of PHI insts,instcount Number of Ret insts,instcount Number of SDiv insts,instcount Number of SExt insts,instcount Number of SIToFP insts,instcount Number of Store insts,instcount Number of Sub insts,instcount Number of basic blocks,instcount Number of non-external functions,instcount Number of instructions (of all types),mem2reg Number of alloca's promoted within one block,mem2reg Number of PHI nodes inserted,mem2reg Number of alloca's promoted,mem2reg Number of alloca's promoted with a single store,mem2reg Number of dead alloca's removed,instcount Number of Trunc insts,instcount Number of Unreachable insts,instcount Number of LShr insts,instcount Number of Shl insts,instcount Number of UDiv insts,instcount Number of URem insts,instcount Number of Xor insts,instcount Number of ZExt insts,instcount Number of FPToSI insts,instcount Number of UIToFP insts,instcount Number of Select insts,instcount Number of SRem insts,instcount Number of Switch insts,instcount Number of FPExt insts,instcount Number of FPTrunc insts,instcount Number of ExtractValue insts,instcount Number of FPToUI insts,instcount Number of PtrToInt insts,instcount Number of ExtractElement insts,instcount Number of InsertElement insts,instcount Number of IntToPtr insts,instcount Number of ShuffleVector insts,instcount Number of IndirectBr insts,instcount Number of InsertValue insts,instcount Number of Invoke insts,instcount Number of LandingPad insts,instcount Number of Resume insts
file:,1,1,175,16,6,30,616,178,23,20,11,24,6,435,193,372,55,1,170,44,2,215,13,145,23,660,44,2774,3,172,357,259,0,0,0,0,0,0,0,0,0,0,0,0,0,0,0,0,0,0,0,0,0,0,0,0,0,0,0,0
CrystalMK.rbc,1,0,33,16,0,0,124,12,13,0,11,26,7,132,31,50,0,0,35,6,0,111,8,34,6,130,6,655,2,35,69,48,3,0,0,0,0,0,0,0,0,0,0,0,0,0,0,0,0,0,0,0,0,0,0,0,0,0,0,0
IRSmk.rbc,1,0,44,2,0,29,35,51,26,0,0,28,0,239,11,162,10,0,37,5,1,122,28,68,24,42,5,925,0,37,120,83,2,1,2,0,0,0,0,0,0,0,0,0,0,0,0,0,0,0,0,0,0,0,0,0,0,0,0,0
fannkuch.rbc,1,0,11,0,0,3,43,7,0,0,0,0,0,19,14,11,0,0,17,2,0,19,0,9,4,45,2,159,0,17,19,11,0,0,0,0,0,0,0,0,0,0,0,0,0,0,0,0,0,0,0,0,0,0,0,0,0,0,0,0
nbody.rbc,1,0,9,0,0,0,28,8,16,0,5,32,13,62,7,45,0,0,12,4,0,11,0,12,0,32,4,264,0,12,35,25,0,0,0,0,0,0,0,0,0,0,0,0,0,0,0,0,0,0,0,0,0,0,0,0,0,0,0,0
nsieve-bits.rbc,1,0,7,0,2,3,19,4,0,0,0,0,0,3,6,3,0,0,6,1,0,0,0,1,0,20,1,79,0,6,10,5,0,3,0,1,3,5,3,1,8,0,0,0,0,0,0,0,0,0,0,0,0,0,0,0,0,0,0,0
partialsums.rbc,1,0,0,3,0,3,8,24,13,2,8,9,2,2,0,12,0,0,10,3,0,0,2,5,0,11,3,106,0,10,27,17,0,0,0,0,0,0,0,0,0,0,0,0,0,0,0,0,0,0,0,0,0,0,0,0,0,0,0,0
puzzle.rbc,1,0,14,0,0,2,26,10,0,0,2,2,0,7,7,5,2,0,10,7,0,5,3,6,4,33,7,122,0,8,24,17,0,1,0,0,0,1,1,3,1,2,1,0,0,0,0,0,0,0,0,0,0,0,0,0,0,0,0,0
recursive.rbc,1,0,4,0,0,0,18,24,3,2,0,0,5,0,4,0,4,0,6,6,0,0,2,0,7,24,6,85,0,5,19,14,0,0,0,0,0,0,0,0,0,0,0,0,0,0,0,0,0,0,0,0,0,0,0,0,0,0,0,0
spectral-norm.rbc,1,0,12,3,0,0,31,13,4,0,2,4,0,12,8,9,1,0,10,5,1,11,1,5,0,36,5,135,0,9,27,19,0,0,0,0,0,0,0,0,3,0,0,0,0,0,0,0,0,0,0,0,0,0,0,0,0,0,0,0
drop3.rbc,1,17,14,3,18,1,61,21,0,0,0,0,0,23,29,12,3,11,45,3,0,0,0,9,10,67,3,396,0,45,23,10,1,38,3,0,20,0,0,0,55,0,0,0,0,0,0,0,0,0,0,0,0,0,0,0,0,0,0,0
five11.rbc,1,5,16,2,12,10,36,27,0,0,0,0,0,19,12,15,1,4,20,12,0,5,0,4,8,51,12,220,0,21,63,37,5,0,3,0,4,0,0,0,5,0,0,0,0,0,0,0,0,0,0,0,0,0,0,0,0,0,0,0
uudecode.rbc,1,4,22,4,1,1,30,32,0,0,0,0,0,25,14,20,0,5,13,6,0,27,0,5,2,41,6,227,0,13,28,15,3,6,5,0,5,0,0,0,0,0,0,0,0,0,0,0,0,0,0,0,0,0,0,0,0,0,0,0
uuencode.rbc,1,6,27,3,1,0,27,36,0,0,0,0,0,38,10,20,2,3,13,6,0,39,0,15,4,36,6,281,0,13,32,20,2,23,3,0,5,0,0,0,0,0,0,0,0,0,0,0,0,0,0,0,0,0,0,0,0,0,0,0
almabench.rbc,1,0,8,3,0,0,41,40,39,4,10,95,15,114,10,51,0,0,13,4,0,44,0,13,0,45,4,506,3,13,49,33,2,0,0,0,0,0,0,0,1,0,0,1,0,0,0,0,0,0,0,0,0,0,0,0,0,0,0,0
huffbench.rbc,1,0,39,7,3,5,116,27,0,0,0,0,0,79,41,57,6,2,66,5,2,16,0,28,10,124,5,546,0,65,42,19,0,13,3,3,5,0,0,2,10,0,0,0,1,0,0,0,0,0,0,0,0,0,0,0,0,0,0,0
lpbench.rbc,1,0,35,0,0,10,118,27,3,4,2,5,1,44,34,43,6,0,36,8,1,42,1,21,9,126,8,453,0,36,61,42,0,1,0,0,0,0,0,2,0,0,0,0,0,0,0,0,0,0,0,0,0,0,0,0,0,0,0,0
miniAMR.rbc,1,0,625,6,5,26,2041,570,178,116,188,82,192,3920,642,3469,308,0,599,35,40,1883,80,566,221,2094,35,15853,0,595,361,115,52,2,16,1,0,0,0,0,9,0,1,0,30,2,0,0,0,0,0,0,0,0,0,0,0,0,0,0
miniGMG.rbc,1,14,546,52,9,29,1023,460,93,47,25,341,61,1925,344,890,263,3,358,46,11,701,8,238,91,1076,46,7693,0,356,744,540,21,3,4,1,11,0,0,8,42,0,0,0,13,3,15,15,0,0,0,0,0,0,0,0,0,0,0,0
Pathfinder.rbc,1,1,98,14,9,73,1110,509,2,0,2,1,5,926,420,715,31,1,204,101,10,190,4,213,11,1215,101,4734,4,195,453,253,3,36,3,0,1,0,0,6,27,8,0,1,0,1,1,0,0,0,0,0,0,0,0,0,0,0,0,0
RSBench.rbc,1,0,67,47,0,70,310,214,36,39,24,112,40,447,78,282,42,0,97,27,8,132,15,144,11,338,27,2317,0,59,142,91,0,4,1,1,0,0,1,0,1,2,3,0,10,0,0,0,52,0,0,0,0,0,0,0,0,0,0,0
SimpleMOC.rbc,1,0,209,38,0,122,664,388,62,7,70,155,48,1123,172,819,189,0,215,47,19,420,40,232,22,714,47,5238,5,213,443,271,1,47,3,1,0,0,0,2,11,18,0,0,14,0,53,28,0,0,0,0,0,0,0,0,0,0,0,0
XSBench.rbc,1,0,46,20,0,67,249,185,3,8,12,6,13,286,77,165,40,0,57,32,8,64,10,75,11,283,32,1465,3,57,185,134,0,7,2,0,1,3,4,0,2,2,4,0,6,0,0,0,0,0,0,0,0,0,0,0,0,0,0,0
dry.rbc,1,0,18,5,0,2,59,22,0,0,0,0,0,32,21,40,3,1,12,13,1,25,0,37,6,73,13,303,10,12,48,26,2,2,0,0,0,0,0,1,2,0,0,0,0,1,0,0,0,0,0,0,0,0,0,0,0,0,0,0
fldry.rbc,1,0,7,5,0,2,59,23,11,4,1,3,4,32,17,40,0,1,12,13,0,25,0,37,2,73,13,317,10,12,50,28,2,2,0,0,0,0,0,1,2,13,0,0,0,1,0,0,0,0,0,0,0,0,0,0,0,0,0,0
chomp.rbc,1,0,16,5,0,19,138,92,0,0,0,0,0,77,52,115,2,0,53,22,0,21,0,35,9,161,22,662,0,50,65,35,0,0,0,0,0,0,0,3,2,0,0,0,0,1,0,0,0,0,0,0,0,0,0,0,0,0,0,0
exptree.rbc,1,0,17,1,3,2,98,40,0,0,0,0,0,57,37,77,2,2,13,13,1,30,0,28,9,115,13,440,0,13,39,25,1,0,2,0,5,0,0,0,0,0,0,0,1,2,0,0,0,0,0,0,0,0,0,0,0,0,0,0
misr.rbc,1,2,26,3,6,3,79,26,0,5,4,0,0,61,22,44,2,0,39,5,1,15,5,18,4,84,5,386,0,40,30,14,0,6,0,0,0,0,0,3,3,0,0,0,4,0,0,0,0,0,0,0,0,0,0,0,0,0,0,0
queens.rbc,1,0,9,0,0,0,57,29,0,0,0,0,0,14,24,48,0,0,10,3,0,11,0,20,1,68,3,236,0,10,13,5,0,0,7,0,0,0,0,0,1,0,0,1,0,1,0,0,0,0,0,0,0,0,0,0,0,0,0,0
automotive-basicmath.rbc,1,0,15,4,1,2,77,67,10,8,19,35,9,28,13,27,0,0,21,5,0,9,1,12,1,82,5,393,0,21,29,18,0,0,0,1,4,0,0,0,1,0,0,1,0,0,10,12,0,0,0,0,0,0,0,0,0,0,0,0
automotive-bitcount.rbc,1,10,36,3,28,10,52,19,0,0,0,0,0,55,24,55,1,3,22,21,3,52,0,23,5,74,21,483,5,20,57,28,5,21,1,7,7,2,1,2,13,0,0,1,6,0,0,0,0,0,0,0,0,0,0,0,0,0,0,0
automotive-susan.rbc,1,0,1012,12,10,12,665,112,6,21,9,21,10,1124,330,1056,549,15,198,19,12,760,21,157,715,699,19,7802,18,197,236,110,5,8,13,0,0,0,0,0,877,14,0,0,0,2,32,5,0,1,4,0,0,0,0,0,0,0,0,0
consumer-jpeg.rbc,1,216,1388,61,147,978,5003,1334,63,0,1,35,54,9221,1907,5807,483,56,1474,379,52,1273,17,2444,402,5422,379,34069,15,1435,2506,1483,0,335,6,14,137,4,13,8,691,9,2,14,5,34,0,2,0,0,0,0,0,0,0,0,0,0,0,0
consumer-lame.rbc,1,84,1517,110,551,853,2847,1708,769,286,150,1108,496,4590,2181,4347,110,310,1999,188,71,796,262,2820,262,3120,191,31898,0,0,0,0,0,276,62,433,383,5,0,435,413,92,3,670,15,23,59,37,0,3,14,50,230,8,272,0,0,0,0,0
network-dijkstra.rbc,1,0,11,1,0,2,44,22,0,0,0,0,0,38,16,49,0,0,5,6,0,15,0,24,0,52,6,236,1,5,20,16,0,0,2,0,0,0,0,0,0,0,0,0,1,0,0,0,0,0,0,0,0,0,0,0,0,0,0,0
network-patricia.rbc,1,0,8,3,4,31,134,72,0,0,0,0,0,173,57,137,2,0,33,6,0,32,0,30,2,150,6,750,0,23,42,21,1,2,10,0,1,0,0,0,12,0,0,0,0,0,1,0,0,0,0,0,0,0,0,0,0,0,0,0
office-stringsearch.rbc,1,0,25,2,0,2,136,21,0,0,0,0,0,58,48,95,0,0,36,10,0,45,0,28,45,147,10,585,0,32,38,17,0,5,1,0,0,0,0,0,27,0,0,1,0,0,0,0,0,0,0,0,0,0,0,0,0,0,0,0
security-blowfish.rbc,1,0,215,13,229,5,213,153,0,0,0,0,0,544,62,330,0,63,110,10,0,61,0,148,9,226,10,2725,3,110,71,26,0,106,1,168,63,0,0,112,108,0,0,0,0,2,0,0,0,0,0,0,0,0,0,0,0,0,0,0
security-rijndael.rbc,1,0,22,11,17,26,137,43,0,0,0,0,0,1501,54,1200,4,2,42,7,2,35,0,188,7,147,7,5283,0,39,53,27,0,495,0,483,4,0,0,506,493,0,0,1,0,3,0,0,0,0,0,0,0,0,0,0,0,0,0,0
security-sha.rbc,1,0,34,4,6,7,48,23,0,0,0,0,0,104,14,42,0,11,32,8,0,18,0,28,7,56,8,425,0,32,28,12,0,6,0,10,10,1,0,8,4,0,0,0,0,0,0,0,0,0,0,0,0,0,0,0,0,0,0,0
telecomm-CRC32.rbc,1,0,3,2,3,0,18,10,0,0,0,0,0,6,7,9,0,1,9,5,0,0,0,4,0,23,5,94,0,8,18,10,0,2,0,3,0,0,0,8,4,0,0,0,0,0,0,0,0,0,0,0,0,0,0,0,0,0,0,0
telecomm-FFT.rbc,1,0,15,2,3,15,76,48,5,0,5,13,9,53,26,40,7,1,21,9,0,0,0,26,2,90,9,467,0,20,52,36,1,1,5,1,3,2,3,1,36,0,10,0,1,0,19,9,0,0,0,0,0,0,0,0,0,0,0,0
dt.rbc,1,0,3,2,0,2,12,8,1,0,1,2,0,5,3,8,0,0,3,2,0,0,2,3,1,14,2,60,0,3,8,5,0,0,0,0,0,0,0,0,0,0,0,0,0,0,2,0,0,0,0,0,0,0,0,0,0,0,0,0
evalloop.rbc,1,0,4,1,0,0,73,33,0,0,0,0,0,66,2,65,0,0,67,3,0,32,0,3,0,78,3,352,0,66,7,3,0,0,0,0,0,0,0,0,0,0,0,0,1,1,0,0,0,0,0,0,0,0,0,1,0,0,0,0
fbench.rbc,1,0,11,0,0,0,54,39,6,6,21,20,14,34,14,107,0,0,11,3,0,33,1,45,0,57,3,424,2,11,19,10,0,1,0,0,0,0,0,0,2,0,0,2,0,0,0,0,0,0,0,0,0,0,0,0,0,0,0,0
ffbench.rbc,1,2,35,0,4,2,89,11,8,4,2,13,6,24,25,21,12,0,37,2,2,26,2,11,4,92,2,348,0,31,51,29,0,0,1,0,2,0,0,0,1,1,0,1,0,0,0,0,0,0,0,0,0,0,0,0,0,0,0,0
flops.rbc,1,0,10,0,0,0,49,42,154,3,62,211,38,4,11,351,3,0,31,2,0,0,18,99,8,51,2,1101,0,31,13,5,0,0,0,0,0,0,0,0,0,5,0,0,0,0,0,0,0,0,0,0,0,0,0,0,0,0,0,0
flops-1.rbc,1,0,1,0,0,0,4,5,14,0,7,9,1,0,1,27,3,0,3,1,0,0,3,15,1,5,1,97,0,3,11,6,1,0,0,0,0,0,0,0,0,2,0,0,0,0,0,0,0,0,0,0,0,0,0,0,0,0,0,0
flops-2.rbc,1,0,2,0,0,0,8,5,6,0,5,6,8,0,2,18,1,0,8,1,0,0,1,17,0,9,1,89,0,8,11,3,1,0,0,0,0,0,0,0,0,1,0,0,0,0,0,0,0,0,0,0,0,0,0,0,0,0,0,0
flops-3.rbc,1,0,1,0,0,0,4,5,11,0,3,21,5,0,1,26,1,0,3,1,0,0,1,12,1,5,1,96,0,3,11,5,1,0,0,0,0,0,0,0,0,0,0,0,0,0,0,0,0,0,0,0,0,0,0,0,0,0,0,0
flops-4.rbc,1,0,1,0,0,0,4,5,21,0,4,27,3,0,1,37,1,0,2,1,0,0,2,14,1,5,1,124,0,2,11,6,1,0,0,0,0,0,0,0,0,0,0,0,0,0,0,0,0,0,0,0,0,0,0,0,0,0,0,0
flops-5.rbc,1,0,1,0,0,0,4,5,26,0,5,33,1,0,1,41,1,0,2,1,0,0,2,14,1,5,1,138,0,2,11,5,1,0,0,0,0,0,0,0,0,0,0,0,0,0,0,0,0,0,0,0,0,0,0,0,0,0,0,0
flops-6.rbc,1,0,1,0,0,0,4,5,26,0,3,35,1,0,1,41,1,0,2,1,0,0,2,14,1,5,1,138,0,2,11,5,1,0,0,0,0,0,0,0,0,0,0,0,0,0,0,0,0,0,0,0,0,0,0,0,0,0,0,0
flops-7.rbc,1,0,1,0,0,0,4,5,8,0,8,9,7,0,1,10,2,0,2,1,0,0,3,12,1,5,1,76,0,2,11,5,1,0,0,0,0,0,0,0,0,2,0,0,0,0,0,0,0,0,0,0,0,0,0,0,0,0,0,0
flops-8.rbc,1,0,1,0,0,0,4,5,26,0,3,37,1,0,1,42,1,0,2,1,0,0,2,14,1,5,1,141,0,2,11,5,1,0,0,0,0,0,0,0,0,0,0,0,0,0,0,0,0,0,0,0,0,0,0,0,0,0,0,0
fp-convert.rbc,1,0,3,2,0,0,15,2,6,0,0,1,0,6,4,2,0,0,9,2,0,2,2,2,0,17,2,61,0,9,13,6,0,0,0,0,0,0,0,0,0,0,0,0,1,0,2,0,0,0,0,0,0,0,0,0,0,0,0,0
himenobmtxpa.rbc,1,0,139,2,0,2,73,48,15,0,3,18,7,346,27,318,228,0,18,10,0,40,8,35,28,84,10,1371,0,18,63,42,9,2,1,0,0,0,0,0,1,0,0,1,0,0,1,0,0,0,0,0,0,0,0,0,0,0,0,0
lowercase.rbc,1,0,5,0,1,4,21,8,0,0,0,0,0,3,7,1,4,2,7,4,0,0,0,1,1,25,4,80,0,6,18,13,0,2,0,0,1,1,0,0,7,0,0,0,0,0,0,0,0,0,0,0,0,0,0,0,0,0,0,0
mandel.rbc,1,0,3,4,0,0,17,5,7,3,2,8,2,24,3,18,0,0,5,3,0,0,2,12,0,20,3,121,0,3,6,3,0,0,0,0,0,0,0,0,0,1,0,0,0,0,0,0,2,0,0,0,0,0,0,0,0,0,0,0
mandel-2.rbc,1,0,3,5,0,0,16,7,5,3,2,7,2,30,4,20,0,0,7,4,0,0,2,12,0,20,4,133,0,4,5,2,0,0,0,0,0,0,0,0,1,0,0,1,0,0,0,0,2,0,0,0,0,0,0,0,0,0,0,0
matmul_f64_4x4.rbc,1,0,4,4,0,2,16,6,48,0,0,64,0,280,4,130,0,0,4,3,0,0,0,17,0,19,3,586,0,4,11,8,0,0,0,0,0,0,0,0,4,0,0,0,0,0,0,0,0,0,0,0,0,0,0,0,0,0,0,0
oourafft.rbc,1,3,304,1,0,14,158,51,103,4,1,84,142,441,42,278,34,0,43,12,0,383,8,166,4,171,12,2293,3,40,151,77,0,0,1,0,13,0,0,0,0,0,0,0,2,0,0,0,0,1,0,0,0,0,0,0,0,0,0,0
perlin.rbc,1,0,15,0,6,0,32,27,7,3,0,6,19,17,7,15,0,0,12,6,0,17,0,2,0,38,6,194,4,7,33,25,0,0,0,0,0,0,0,0,0,3,0,0,0,0,0,0,0,0,0,0,0,0,0,0,0,0,0,0
pi.rbc,1,0,2,2,0,0,6,4,2,1,4,6,1,0,1,4,2,0,7,2,1,0,4,3,1,8,2,67,0,7,17,11,0,3,0,0,0,0,0,0,0,1,0,0,0,0,8,2,0,0,0,0,0,0,0,0,0,0,0,0
ReedSolomon.rbc,1,1,92,12,3,0,270,12,0,0,0,0,0,259,86,164,2,0,59,7,0,241,0,87,21,277,7,1356,0,57,23,7,0,5,0,0,3,0,0,15,3,0,0,0,14,0,0,0,0,0,0,0,0,0,0,0,0,0,0,0
revertBits.rbc,1,0,4,0,24,0,10,10,0,0,0,0,0,0,4,0,0,16,7,3,0,2,0,0,2,13,3,111,2,6,9,3,0,1,0,12,12,0,0,0,3,0,0,1,0,0,0,0,0,0,0,0,0,0,0,0,0,0,0,0
richards_benchmark.rbc,1,2,9,0,4,4,70,46,0,0,0,0,0,62,29,84,0,3,12,15,0,9,0,57,1,86,15,425,1,12,41,27,0,4,0,0,0,0,0,1,2,0,0,2,0,1,0,0,0,0,3,0,0,5,0,0,0,0,0,0
salsa20.rbc,1,0,74,1,1,0,22,5,0,0,0,0,0,167,7,168,0,32,5,3,0,0,0,37,2,25,3,630,1,5,8,5,0,0,0,32,32,0,0,33,9,0,0,0,0,0,0,0,0,0,0,0,0,0,0,0,0,0,0,0
whetstone.rbc,1,0,18,1,0,0,89,34,34,0,5,19,16,33,30,135,15,0,24,5,0,27,2,49,10,94,5,546,2,24,41,26,1,0,0,0,0,0,0,0,0,0,0,0,0,0,0,0,0,0,0,0,0,0,0,0,0,0,0,0
ackermann.rbc,1,0,1,0,0,0,8,6,0,0,0,0,0,1,3,1,0,0,2,2,0,0,0,0,3,10,2,27,0,1,7,6,0,0,0,0,0,0,0,0,0,0,0,0,0,0,0,0,0,0,0,0,0,0,0,0,0,0,0,0
ary3.rbc,1,0,5,0,0,4,15,6,0,0,0,0,0,6,4,5,0,0,4,1,0,6,0,2,2,16,1,60,0,3,8,6,0,0,0,0,0,0,0,0,0,0,0,0,0,0,0,0,0,0,0,0,0,0,0,0,0,0,0,0
fib2.rbc,1,0,1,0,0,0,6,5,0,0,0,0,0,1,2,1,0,0,2,2,0,1,0,0,2,8,2,23,0,1,6,5,0,0,0,0,0,0,0,0,0,0,0,0,0,0,0,0,0,0,0,0,0,0,0,0,0,0,0,0
hash.rbc,1,0,7,1,0,6,43,26,0,0,0,0,0,37,15,23,1,0,15,7,0,10,0,12,0,52,7,208,0,14,31,19,0,2,2,0,0,0,1,0,0,0,0,0,0,0,0,0,0,0,0,0,0,0,0,0,0,0,0,0
heapsort.rbc,1,1,10,0,0,2,22,6,0,2,1,1,0,14,6,10,2,0,12,3,0,12,1,6,0,25,3,113,0,11,14,8,0,0,0,0,1,0,0,0,0,0,0,0,1,0,0,0,0,0,0,0,0,0,0,0,0,0,0,0
hello.rbc,1,0,0,0,0,0,0,1,0,0,0,0,0,0,0,0,0,0,0,1,0,0,0,0,0,1,1,2,0,0,1,1,0,0,0,0,0,0,0,0,0,0,0,0,0,0,0,0,0,0,0,0,0,0,0,0,0,0,0,0
lists.rbc,1,0,16,0,0,6,53,63,0,0,0,0,0,101,25,47,2,0,19,16,0,20,0,35,3,78,16,419,0,18,53,35,0,0,9,0,0,0,0,2,2,0,0,0,0,0,0,0,0,0,0,0,0,0,0,0,0,0,0,0
matrix.rbc,1,0,11,0,0,4,38,13,0,0,0,0,0,21,10,17,3,0,14,5,0,14,0,4,0,43,5,154,0,13,30,18,0,0,0,0,0,0,0,0,0,0,0,0,0,0,0,0,0,0,0,0,0,0,0,0,0,0,0,0
methcall.rbc,1,0,3,0,0,11,13,16,0,0,0,0,0,19,8,10,0,0,5,8,0,2,0,10,0,21,8,115,1,4,20,17,0,2,0,0,0,0,0,2,4,0,0,2,0,0,0,0,0,0,0,0,0,0,0,0,0,0,0,0
nestedloop.rbc,1,0,7,0,0,0,27,2,0,0,0,0,0,1,7,1,0,0,13,1,0,0,0,0,0,28,1,59,0,12,11,4,0,0,0,0,0,0,0,0,0,0,0,0,0,0,0,0,0,0,0,0,0,0,0,0,0,0,0,0
objinst.rbc,1,0,5,0,0,13,24,21,0,0,0,0,0,23,10,10,0,0,6,8,0,1,0,10,0,32,8,139,1,5,20,15,0,2,0,0,0,0,0,2,3,0,0,1,0,0,0,0,0,0,0,0,0,0,0,0,0,0,0,0
random.rbc,1,0,2,0,0,0,6,4,0,0,1,1,0,1,2,3,1,0,2,2,0,0,1,1,1,8,2,29,0,1,5,4,0,0,0,0,0,0,0,0,0,0,0,0,1,0,0,0,0,0,0,0,0,0,0,0,0,0,0,0
sieve.rbc,1,0,6,0,0,0,20,2,0,0,0,0,0,4,6,2,0,0,8,1,0,0,0,2,0,21,1,51,0,7,7,3,0,0,0,0,0,0,0,0,0,0,0,0,0,0,0,0,0,0,0,0,0,0,0,0,0,0,0,0
strcat.rbc,1,0,2,0,0,0,11,12,0,0,0,0,0,4,5,1,1,0,8,1,0,5,0,0,1,14,1,56,0,7,9,5,0,1,2,0,0,0,0,0,0,0,0,0,0,0,0,0,0,0,2,0,0,0,0,0,0,0,0,0
Bubblesort.rbc,1,0,8,0,1,0,24,6,0,0,0,0,0,12,9,20,2,0,3,5,1,13,0,11,3,29,5,120,0,3,7,4,0,2,0,0,0,0,0,0,0,0,0,0,0,0,0,0,0,0,0,0,0,0,0,0,0,0,0,0
FloatMM.rbc,1,0,9,0,1,0,26,7,1,0,1,1,0,10,7,6,2,0,6,6,1,10,1,5,2,32,6,104,0,6,15,9,0,1,0,0,0,0,0,0,0,0,0,0,0,0,1,0,0,0,0,0,0,0,0,0,0,0,0,0
IntMM.rbc,1,0,10,0,1,0,24,7,0,0,0,0,0,10,6,6,3,0,6,6,1,10,0,5,2,30,6,98,0,6,15,9,0,1,0,0,0,0,0,0,0,0,0,0,0,0,0,0,0,0,0,0,0,0,0,0,0,0,0,0
Oscar.rbc,1,0,42,2,4,2,53,13,7,0,5,12,9,89,16,37,3,0,23,10,4,47,3,25,2,63,10,414,0,23,38,20,0,2,0,0,0,0,0,0,0,0,0,0,0,0,4,0,0,0,0,0,0,0,0,0,0,0,0,0
Puzzle.rbc,1,0,85,0,1,0,233,13,0,0,0,0,0,40,63,23,29,0,54,8,0,40,0,55,1,241,8,646,0,54,21,9,0,1,0,0,0,0,0,0,0,0,0,0,0,0,0,0,0,0,0,0,0,0,0,0,0,0,0,0
Queens.rbc,1,0,14,5,1,0,34,6,0,0,0,0,0,17,15,8,1,0,5,6,0,13,0,15,3,40,6,144,0,4,12,8,0,1,0,0,0,0,0,0,0,0,0,0,0,0,0,0,0,0,0,0,0,0,0,0,0,0,0,0
Quicksort.rbc,1,0,7,0,1,0,31,9,0,0,0,0,0,13,12,18,2,0,8,6,2,14,0,9,4,37,6,138,0,8,12,8,0,2,0,0,0,0,0,0,0,0,0,0,0,0,0,0,0,0,0,0,0,0,0,0,0,0,0,0
RealMM.rbc,1,0,9,0,1,0,24,7,1,0,1,1,0,10,6,6,2,0,6,6,1,10,1,5,2,30,6,100,0,6,15,9,0,1,0,0,0,0,0,0,0,0,0,0,0,0,0,0,0,0,0,0,0,0,0,0,0,0,0,0
Towers.rbc,1,0,5,0,1,0,30,20,0,0,0,0,0,27,10,21,1,0,7,12,0,19,0,14,5,42,12,173,0,7,23,17,0,1,0,0,0,0,0,0,0,0,0,0,0,0,0,0,0,0,0,0,0,0,0,0,0,0,0,0
Treesort.rbc,1,0,5,0,1,2,44,16,0,0,0,0,0,31,18,35,2,0,9,8,1,8,0,15,2,52,8,201,0,7,12,8,0,2,0,0,0,0,0,0,2,0,0,0,0,0,0,0,0,0,0,0,0,0,0,0,0,0,0,0
Fhourstones.rbc,1,9,66,3,20,1,211,53,0,0,7,0,0,81,86,117,3,20,65,20,0,82,14,53,21,232,20,980,0,62,69,30,3,5,1,0,29,0,1,2,7,0,0,2,1,0,0,0,0,0,0,0,0,0,0,0,0,0,0,0
Linpack.rbc,1,0,121,2,0,2,243,86,45,10,24,48,19,174,69,273,67,0,59,13,0,168,13,90,76,256,13,1674,1,56,108,69,1,0,0,0,0,0,0,0,0,0,0,0,6,0,44,22,0,0,0,0,0,0,0,0,0,0,0,0
adpcm-rawcaudio.rbc,1,7,12,0,9,0,59,7,0,0,0,0,0,19,27,15,0,4,43,3,2,15,0,7,6,64,3,252,0,43,32,11,0,8,2,0,1,0,0,2,3,0,0,1,0,0,0,0,0,0,0,0,0,0,0,0,0,0,0,0
adpcm-rawdaudio.rbc,1,7,12,0,9,0,59,7,0,0,0,0,0,19,27,15,2,4,43,3,0,15,0,7,6,64,3,252,0,43,32,11,0,8,2,0,1,0,0,2,3,0,0,1,0,0,0,0,0,0,0,0,0,0,0,0,0,0,0,0
g721.rbc,1,67,70,4,43,6,310,82,0,0,0,0,0,183,97,109,3,4,97,26,0,326,0,58,69,345,26,1815,1,68,207,145,6,130,1,3,32,0,0,30,54,0,0,3,0,8,0,0,0,0,0,0,0,0,0,0,0,0,0,0
gsm.rbc,1,367,328,45,515,14,1197,342,0,0,0,0,0,1580,520,1258,180,209,353,94,0,1241,0,550,173,1344,94,10255,3,199,399,207,0,550,47,3,244,0,0,3,382,0,0,54,0,6,0,0,0,0,0,0,0,0,0,0,0,0,0,0
mpeg2.rbc,1,148,380,32,60,4,1900,661,4,0,0,7,0,1217,763,1277,210,28,428,115,21,522,5,516,238,2037,115,8980,5,338,568,346,1,42,15,41,100,0,0,4,207,1,0,20,4,7,0,0,0,0,3,0,0,0,0,0,0,0,0,0
smg2000.rbc,1,0,4966,296,0,582,8386,1744,350,26,30,529,29,18640,2995,10548,2102,0,5010,394,95,3283,5,2442,2874,8813,394,65937,7,3857,4523,3025,0,79,6,0,0,0,0,0,209,1,0,207,82,27,0,0,0,0,0,0,0,0,0,0,0,0,0,0
Fhourstones_31.rbc,1,0,46,6,39,31,175,54,0,0,5,0,0,65,68,95,5,11,52,22,0,69,10,45,20,197,22,890,0,49,61,29,2,18,0,19,12,0,1,4,18,0,0,0,0,0,0,0,0,0,0,0,0,0,0,0,0,0,0,0
2mm.rbc,1,0,25,3,0,12,74,32,3,1,4,4,1,37,20,24,6,0,18,13,0,29,8,14,0,89,13,335,1,18,55,45,0,0,2,0,0,0,0,0,0,0,0,0,5,0,0,0,0,0,0,0,0,0,0,0,0,0,0,0
3mm.rbc,1,0,29,1,0,16,86,36,4,1,4,3,1,47,23,24,10,0,21,13,0,37,8,14,0,101,13,385,1,21,58,48,0,0,2,0,0,0,0,0,0,0,0,0,5,0,0,0,0,0,0,0,0,0,0,0,0,0,0,0
atax.rbc,1,0,12,1,0,10,42,30,4,1,2,2,1,24,12,21,2,0,10,13,0,19,4,10,0,57,13,224,1,10,39,31,0,0,2,0,0,0,0,0,0,0,0,0,2,0,0,0,0,0,0,0,0,0,0,0,0,0,0,0
bicg.rbc,1,0,12,1,0,12,44,36,3,1,3,2,1,29,13,26,2,0,10,13,0,21,6,11,0,59,13,253,1,10,43,35,0,0,2,0,0,0,0,0,0,0,0,0,5,0,0,0,0,0,0,0,0,0,0,0,0,0,0,0
doitgen.rbc,1,0,19,1,0,8,62,28,2,1,2,1,1,26,17,19,6,0,15,13,0,22,4,9,0,77,13,261,1,15,46,33,0,0,2,0,0,0,0,0,0,0,0,0,3,0,0,0,0,0,0,0,0,0,0,0,0,0,0,0
mvt.rbc,1,0,14,1,0,12,44,36,3,1,5,2,1,31,13,26,2,0,10,13,0,21,10,11,0,59,13,265,1,10,41,33,0,0,2,0,0,0,0,0,0,0,0,0,7,0,0,0,0,0,0,0,0,0,0,0,0,0,0,0
cholesky.rbc,1,0,21,1,0,6,74,27,3,1,2,3,3,44,20,28,2,0,18,13,0,43,2,14,1,89,13,330,1,18,34,21,0,0,2,0,0,0,0,0,0,0,0,0,2,0,0,0,0,0,0,0,0,0,0,0,0,0,0,0
durbin.rbc,1,0,10,2,0,6,34,26,4,1,1,4,5,19,10,23,1,0,11,13,0,14,1,9,5,49,13,202,1,11,33,22,1,0,2,0,0,0,0,0,0,0,0,0,1,0,0,0,0,0,0,0,0,0,0,0,0,0,0,0
gramschmidt.rbc,1,0,20,1,0,8,68,33,4,1,2,4,2,48,19,30,4,0,17,13,0,41,2,12,0,83,13,334,1,17,43,32,0,0,2,0,0,0,0,0,0,0,0,0,3,0,0,0,0,0,0,0,0,0,0,0,0,0,0,0
lu.rbc,1,0,22,1,0,6,78,26,3,1,2,3,3,40,21,27,2,0,19,13,0,39,2,13,1,93,13,326,1,19,34,21,0,0,2,0,0,0,0,0,0,0,0,0,2,0,0,0,0,0,0,0,0,0,0,0,0,0,0,0
ludcmp.rbc,1,0,27,1,0,12,94,32,4,1,5,5,5,62,25,33,1,0,27,13,0,55,4,17,2,109,13,429,1,27,44,31,0,0,2,0,0,0,0,0,0,0,0,0,2,0,0,0,0,0,0,0,0,0,0,0,0,0,0,0
trisolv.rbc,1,0,10,1,0,8,30,28,1,1,2,2,2,23,9,21,1,0,7,13,0,18,3,10,1,45,13,194,1,7,34,26,0,0,2,0,0,0,0,0,0,0,0,0,1,0,0,0,0,0,0,0,0,0,0,0,0,0,0,0
gemm.rbc,1,0,19,3,0,8,58,28,2,1,3,3,1,24,16,21,5,0,14,13,0,19,6,11,0,73,13,261,1,14,47,37,0,0,2,0,0,0,0,0,0,0,0,0,4,0,0,0,0,0,0,0,0,0,0,0,0,0,0,0
gemver.rbc,1,0,18,3,0,20,50,40,6,1,11,6,1,52,14,30,2,0,12,13,0,35,9,19,0,65,13,346,1,12,57,49,0,0,2,0,0,0,0,0,0,0,0,0,2,0,0,0,0,0,0,0,0,0,0,0,0,0,0,0
gesummv.rbc,1,0,10,3,0,12,30,32,4,1,3,4,1,31,9,25,3,0,7,13,0,24,6,14,0,45,13,238,1,7,42,34,0,0,2,0,0,0,0,0,0,0,0,0,4,0,0,0,0,0,0,0,0,0,0,0,0,0,0,0
symm.rbc,1,0,18,3,0,8,50,28,5,1,3,7,1,36,14,25,2,0,13,13,0,31,6,12,1,65,13,283,1,13,45,34,0,0,2,0,0,0,0,0,0,0,0,0,4,0,0,0,0,0,0,0,0,0,0,0,0,0,0,0
syr2k.rbc,1,0,17,3,0,8,50,28,3,1,3,5,1,28,14,23,5,0,12,13,0,23,6,11,0,65,13,260,1,12,43,33,0,0,2,0,0,0,0,0,0,0,0,0,4,0,0,0,0,0,0,0,0,0,0,0,0,0,0,0
syrk.rbc,1,0,16,3,0,6,50,26,2,1,2,3,1,20,14,21,4,0,12,13,0,17,4,10,0,65,13,230,1,12,40,30,0,0,2,0,0,0,0,0,0,0,0,0,3,0,0,0,0,0,0,0,0,0,0,0,0,0,0,0
trmm.rbc,1,0,15,2,0,6,42,26,2,1,2,2,1,24,12,20,2,0,10,13,0,21,4,10,1,57,13,221,1,10,39,29,0,0,2,0,0,0,0,0,0,0,0,0,3,0,0,0,0,0,0,0,0,0,0,0,0,0,0,0
correlation.rbc,1,0,18,2,0,10,65,32,5,2,4,3,4,52,17,36,3,0,16,13,0,48,2,21,3,80,13,359,1,15,42,32,0,0,2,0,0,0,0,0,0,0,0,0,1,0,0,0,0,0,0,0,0,0,0,0,0,0,0,0
covariance.rbc,1,0,15,2,0,8,54,28,3,1,3,2,3,32,15,26,2,0,13,13,0,29,3,14,0,69,13,269,1,13,39,29,0,0,2,0,0,0,0,0,0,0,0,0,1,0,0,0,0,0,0,0,0,0,0,0,0,0,0,0
floyd-warshall.rbc,1,0,17,1,0,4,45,24,1,1,0,0,1,24,15,21,3,0,10,13,0,23,0,7,0,60,13,217,1,9,30,20,0,0,2,0,0,0,0,0,0,0,0,0,5,0,0,0,0,0,0,0,0,0,0,0,0,0,0,0
deriche.rbc,1,0,21,2,0,10,74,39,17,1,2,29,13,52,20,30,4,0,32,13,0,47,1,12,2,89,13,426,1,32,65,46,0,0,2,0,0,0,0,0,0,0,0,0,2,0,1,0,0,0,0,0,0,0,0,0,0,0,0,0
nussinov.rbc,1,0,31,1,0,6,67,26,1,1,0,0,1,69,24,41,1,0,17,13,0,70,0,11,10,82,13,399,1,12,34,23,0,1,2,0,0,0,0,0,2,0,0,2,2,0,0,0,0,0,0,0,0,0,0,0,0,0,0,0
adi.rbc,1,0,20,1,0,10,54,30,13,1,12,20,11,79,15,35,2,0,13,13,0,67,5,19,17,69,13,440,1,13,51,41,0,0,2,0,0,0,0,0,0,0,0,0,1,0,0,0,0,0,0,0,0,0,0,0,0,0,0,0
fdtd-2d.rbc,1,0,28,1,0,10,82,38,2,1,3,6,8,56,23,37,4,0,19,13,0,46,10,12,4,97,13,408,1,19,48,38,0,0,2,0,0,0,0,0,0,0,0,0,3,0,0,0,0,0,0,0,0,0,0,0,0,0,0,0
heat-3d.rbc,1,0,26,1,0,5,62,25,13,1,1,13,7,81,17,35,4,0,15,13,0,78,2,8,13,77,13,423,1,15,38,25,0,0,2,0,0,0,0,0,0,0,0,0,1,0,0,0,0,0,0,0,0,0,0,0,0,0,0,0
jacobi-1d.rbc,1,0,10,1,0,6,30,26,7,1,2,2,1,17,9,21,1,0,7,13,0,14,4,8,4,45,13,187,1,7,32,25,0,0,2,0,0,0,0,0,0,0,0,0,1,0,0,0,0,0,0,0,0,0,0,0,0,0,0,0
jacobi-2d.rbc,1,0,19,1,0,6,46,26,11,1,2,4,1,36,13,25,2,0,11,13,0,33,6,8,8,61,13,275,1,11,35,25,0,0,2,0,0,0,0,0,0,0,0,0,1,0,0,0,0,0,0,0,0,0,0,0,0,0,0,0
seidel-2d.rbc,1,0,18,1,0,4,38,24,10,1,2,1,1,28,11,24,2,0,9,13,0,27,3,6,9,53,13,235,1,9,32,22,0,0,2,0,0,0,0,0,0,0,0,0,1,0,0,0,0,0,0,0,0,0,0,0,0,0,0,0
SciMark2-C.rbc,1,2,79,1,1,27,245,126,22,3,18,45,16,155,77,98,34,0,83,40,8,103,24,68,10,290,40,1297,0,81,244,167,0,0,5,0,3,0,0,0,0,0,0,0,4,0,0,0,0,0,0,0,0,0,0,0,0,0,0,0
sim.rbc,1,0,120,2,0,18,742,93,6,5,1,16,6,406,320,773,13,0,417,15,2,277,3,293,90,762,15,3632,8,402,175,72,0,4,4,0,0,0,0,0,0,5,0,0,0,1,0,0,0,0,0,0,0,0,0,0,0,0,0,0
mafft.rbc,1,1,3572,179,17,261,12877,3772,777,305,155,678,261,10097,4421,11979,254,0,4577,410,29,6746,436,4189,1227,13396,410,68871,3,4385,4847,2856,14,247,101,0,4,0,0,166,222,125,0,4,14,8,454,220,0,0,86,0,0,0,0,0,0,0,0,0
llu.rbc,1,0,17,0,0,2,56,25,1,0,0,0,1,32,15,25,1,0,28,3,0,21,1,12,0,60,3,244,0,28,22,5,0,0,0,0,0,0,0,0,0,1,0,0,1,1,0,1,0,0,0,0,0,0,0,0,0,0,0,0
nbench.rbc,1,3,298,61,33,115,1370,582,34,28,32,36,15,989,416,609,46,9,385,110,3,370,15,407,45,1493,110,6468,11,385,524,271,0,86,4,5,8,2,8,23,283,0,17,2,6,9,0,0,0,0,2,0,0,2,0,0,0,0,0,0
anagram.rbc,1,0,27,3,9,2,135,61,0,0,0,0,0,97,55,108,0,3,32,15,0,49,0,39,11,152,15,690,0,31,45,22,0,5,2,0,5,0,1,1,25,0,0,1,0,0,0,0,0,0,4,0,0,0,0,0,0,0,0,0
bc.rbc,1,10,204,33,30,57,1654,878,0,0,0,0,0,1259,590,1408,22,9,347,100,8,456,0,530,91,1794,100,7918,1,305,389,219,0,91,16,0,10,0,0,6,64,0,0,4,9,24,0,0,0,0,8,0,0,0,0,0,0,0,0,0
ft.rbc,1,0,19,1,0,6,255,116,0,0,0,0,0,214,107,152,1,0,57,36,1,26,0,79,5,318,36,1114,4,57,112,64,1,5,27,0,0,0,0,0,2,0,0,0,5,0,0,0,0,0,0,0,0,0,0,0,0,0,0,0
ks.rbc,1,0,25,2,0,5,226,92,5,5,0,1,3,188,76,200,0,0,77,13,0,20,0,78,3,260,13,1050,0,77,72,29,0,0,21,0,0,5,1,0,0,0,0,0,0,0,4,0,0,0,0,0,0,0,0,0,0,0,0,0
yacr2.rbc,1,0,314,16,14,38,1125,352,0,0,0,0,0,642,459,1070,79,5,323,58,0,52,0,169,30,1229,58,4827,0,301,290,155,0,11,46,0,0,7,2,3,10,0,0,2,0,0,0,0,0,0,0,0,0,0,0,0,0,0,0,0
enc-3des.rbc,1,0,25,3,608,0,63,29,0,0,0,0,0,801,23,698,1,150,15,11,0,34,0,34,12,75,11,3925,9,15,50,28,0,16,0,525,146,0,0,706,24,0,0,0,0,1,0,0,0,0,0,0,0,0,0,0,0,0,0,0
enc-md5.rbc,1,0,267,6,100,0,33,13,0,0,0,0,0,263,12,164,1,129,11,6,0,5,0,56,6,39,6,1488,4,10,28,16,2,25,0,84,114,0,0,128,65,0,0,0,0,0,0,0,0,0,0,0,0,0,0,0,0,0,0,0
enc-pc1.rbc,1,2,26,1,4,0,22,25,0,0,0,0,0,7,8,136,20,0,3,4,0,8,0,79,0,26,4,533,0,3,7,5,0,48,0,1,0,0,0,34,105,0,0,0,0,0,0,0,0,0,0,0,0,0,0,0,0,0,0,0
enc-rc4.rbc,1,0,12,2,0,0,27,10,0,0,0,0,0,37,8,14,0,0,12,3,0,18,0,10,0,30,3,169,0,12,23,13,0,5,0,0,0,0,0,1,10,0,0,0,0,0,0,0,0,0,0,0,0,0,0,0,0,0,0,0
netbench-crc.rbc,1,0,4,0,2,0,23,15,0,0,0,0,0,8,8,10,0,0,10,5,0,6,0,1,0,30,5,109,1,10,19,8,0,2,2,1,4,0,1,3,3,0,0,0,1,0,0,0,0,0,0,0,0,0,0,0,0,0,0,0
netbench-url.rbc,1,1,31,5,7,9,108,57,0,0,0,0,0,86,44,75,0,0,51,13,0,31,0,28,17,133,13,598,2,47,81,47,0,3,11,3,2,0,1,1,12,0,0,0,1,1,0,0,0,0,0,0,0,0,0,0,0,0,0,0
ControlFlow-dbl.rbc,1,0,94,3,0,1,810,674,66,23,28,46,14,233,231,225,10,0,80,32,6,231,33,79,23,844,32,2945,0,79,209,133,0,0,1,0,0,0,0,0,0,0,0,0,1,1,0,0,0,0,0,0,0,0,0,0,0,0,0,0
ControlFlow-flt.rbc,1,0,94,3,0,1,810,674,66,23,28,46,14,233,231,225,10,0,80,32,6,231,33,79,23,844,32,2975,0,79,209,133,0,0,1,0,0,0,0,0,0,0,0,0,1,1,24,6,0,0,0,0,0,0,0,0,0,0,0,0
ControlLoops-dbl.rbc,1,0,71,3,0,1,659,628,44,1,19,49,10,76,210,83,13,0,64,23,0,74,24,46,13,682,23,2112,4,63,161,98,0,0,0,0,0,0,0,0,0,0,0,0,1,0,0,0,0,0,0,0,0,0,0,0,0,0,0,0
ControlLoops-flt.rbc,1,0,71,3,0,1,659,628,44,1,19,49,10,76,210,83,13,0,64,23,0,74,24,46,13,682,23,2142,4,63,161,98,0,0,0,0,0,0,0,0,0,0,0,0,1,0,24,6,0,0,0,0,0,0,0,0,0,0,0,0
CrossingThresholds-dbl.rbc,1,0,64,3,0,1,631,603,29,1,14,6,12,76,203,64,9,0,57,18,2,74,19,46,12,649,18,1945,0,56,128,75,0,0,0,0,0,0,0,0,0,0,0,0,1,0,0,0,0,0,0,0,0,0,0,0,0,0,0,0
CrossingThresholds-flt.rbc,1,0,64,3,0,1,631,603,29,1,14,6,12,76,203,64,9,0,57,18,2,74,19,46,12,649,18,1975,0,56,128,75,0,0,0,0,0,0,0,0,0,0,0,0,1,0,24,6,0,0,0,0,0,0,0,0,0,0,0,0
Equivalencing-dbl.rbc,1,0,63,3,0,1,609,593,30,0,11,0,10,60,198,75,8,0,49,15,0,58,16,52,5,624,15,1857,0,48,108,63,0,0,0,0,0,0,0,0,0,0,0,0,1,0,0,0,0,0,0,0,0,0,0,0,0,0,0,0
Equivalencing-flt.rbc,1,0,63,3,0,1,609,593,30,0,11,0,10,60,198,75,8,0,49,15,0,58,16,52,5,624,15,1887,0,48,108,63,0,0,0,0,0,0,0,0,0,0,0,0,1,0,24,6,0,0,0,0,0,0,0,0,0,0,0,0
Expansion-dbl.rbc,1,0,71,3,0,1,657,623,37,2,18,15,13,113,209,99,8,0,67,22,3,111,23,53,15,679,22,2164,1,66,156,93,0,0,0,0,0,0,0,0,0,0,0,0,1,0,0,0,0,0,0,0,0,0,0,0,0,0,0,0
Expansion-flt.rbc,1,0,71,3,0,1,657,623,37,2,18,15,13,113,209,99,8,0,67,22,3,111,23,53,15,679,22,2195,1,66,156,93,0,0,0,0,0,0,0,0,0,0,0,0,1,0,25,6,0,0,0,0,0,0,0,0,0,0,0,0
GlobalDataFlow-dbl.rbc,1,0,77,3,0,1,637,620,32,0,16,7,10,79,205,75,11,0,57,24,4,77,22,46,14,661,24,2018,0,56,151,98,0,0,0,0,0,0,0,0,0,0,0,0,1,0,0,0,0,0,0,0,0,0,0,0,0,0,0,0
GlobalDataFlow-flt.rbc,1,0,77,3,0,1,637,620,32,0,16,7,10,79,205,75,11,0,57,24,4,77,22,46,14,661,24,2048,0,56,151,98,0,0,0,0,0,0,0,0,0,0,0,0,1,0,24,6,0,0,0,0,0,0,0,0,0,0,0,0
IndirectAddressing-dbl.rbc,1,0,61,3,0,1,605,598,27,0,13,6,10,67,197,72,4,0,52,17,1,65,18,39,11,622,17,1868,1,51,127,80,0,0,0,0,0,0,0,0,0,0,0,0,1,0,0,0,0,0,0,0,0,0,0,0,0,0,0,0
IndirectAddressing-flt.rbc,1,0,61,3,0,1,605,598,27,0,13,6,10,67,197,72,4,0,52,17,1,65,18,39,11,622,17,1898,1,51,127,80,0,0,0,0,0,0,0,0,0,0,0,0,1,0,24,6,0,0,0,0,0,0,0,0,0,0,0,0
InductionVariable-dbl.rbc,1,0,77,3,0,1,634,608,32,2,15,9,11,91,203,78,9,0,66,19,2,89,20,45,13,653,19,2028,0,65,140,82,0,0,0,0,0,0,0,0,0,0,0,0,1,0,0,0,0,0,0,0,0,0,0,0,0,0,0,0
InductionVariable-flt.rbc,1,0,77,3,0,1,634,608,32,2,15,9,11,91,203,78,9,0,66,19,2,89,20,45,13,653,19,2058,0,65,140,82,0,0,0,0,0,0,0,0,0,0,0,0,1,0,24,6,0,0,0,0,0,0,0,0,0,0,0,0
LinearDependence-dbl.rbc,1,0,93,3,0,1,685,633,35,0,20,13,11,112,217,93,18,0,68,24,6,110,25,50,21,709,24,2239,0,67,161,97,0,0,0,0,0,0,0,0,0,0,0,0,1,0,0,0,0,0,0,0,0,0,0,0,0,0,0,0
LinearDependence-flt.rbc,1,0,93,3,0,1,685,633,35,0,20,13,11,112,217,93,18,0,68,24,6,110,25,50,21,709,24,2269,0,67,161,97,0,0,0,0,0,0,0,0,0,0,0,0,1,0,24,6,0,0,0,0,0,0,0,0,0,0,0,0
LoopRerolling-dbl.rbc,1,0,76,3,0,1,581,583,36,0,10,15,10,76,191,78,6,0,47,14,0,71,15,44,4,595,14,1862,0,46,102,56,0,0,0,0,0,0,0,0,0,0,0,0,1,0,0,0,0,0,0,0,0,0,0,0,0,0,0,0
LoopRerolling-flt.rbc,1,0,76,3,0,1,581,583,36,0,10,15,10,76,191,78,6,0,47,14,0,71,15,44,4,595,14,1892,0,46,102,56,0,0,0,0,0,0,0,0,0,0,0,0,1,0,24,6,0,0,0,0,0,0,0,0,0,0,0,0
LoopRestructuring-dbl.rbc,1,0,70,3,0,1,653,608,34,0,15,7,11,111,209,80,9,0,60,19,8,109,20,47,21,672,19,2096,0,59,133,77,0,0,0,0,0,0,0,0,0,0,0,0,1,0,0,0,0,0,0,0,0,0,0,0,0,0,0,0
LoopRestructuring-flt.rbc,1,0,70,3,0,1,653,608,34,0,15,7,11,111,209,80,9,0,60,19,8,109,20,47,21,672,19,2126,0,59,133,77,0,0,0,0,0,0,0,0,0,0,0,0,1,0,24,6,0,0,0,0,0,0,0,0,0,0,0,0
NodeSplitting-dbl.rbc,1,0,62,3,0,1,597,593,37,0,12,11,10,90,195,81,4,0,46,16,1,88,17,45,7,613,16,1917,0,45,109,67,0,0,0,0,0,0,0,0,0,0,0,0,1,0,0,0,0,0,0,0,0,0,0,0,0,0,0,0
NodeSplitting-flt.rbc,1,0,62,3,0,1,597,593,37,0,12,11,10,90,195,81,4,0,46,16,1,88,17,45,7,613,16,1947,0,45,109,67,0,0,0,0,0,0,0,0,0,0,0,0,1,0,24,6,0,0,0,0,0,0,0,0,0,0,0,0
Packing-dbl.rbc,1,0,54,3,0,1,583,578,20,3,9,0,10,49,190,43,4,0,48,13,1,47,14,35,3,596,13,1709,0,47,93,50,0,0,0,0,0,0,0,0,0,0,0,0,1,0,0,0,0,0,0,0,0,0,0,0,0,0,0,0
Packing-flt.rbc,1,0,54,3,0,1,583,578,20,3,9,0,10,49,190,43,4,0,48,13,1,47,14,35,3,596,13,1739,0,47,93,50,0,0,0,0,0,0,0,0,0,0,0,0,1,0,24,6,0,0,0,0,0,0,0,0,0,0,0,0
Recurrences-dbl.rbc,1,0,50,3,0,1,573,578,25,0,9,5,10,55,189,51,3,0,40,13,2,53,14,36,7,586,13,1718,0,39,89,53,0,0,0,0,0,0,0,0,0,0,0,0,1,0,0,0,0,0,0,0,0,0,0,0,0,0,0,0
Recurrences-flt.rbc,1,0,50,3,0,1,573,578,25,0,9,5,10,55,189,51,3,0,40,13,2,53,14,36,7,586,13,1748,0,39,89,53,0,0,0,0,0,0,0,0,0,0,0,0,1,0,24,6,0,0,0,0,0,0,0,0,0,0,0,0
Reductions-dbl.rbc,1,0,79,3,0,1,698,652,55,8,21,3,10,74,216,84,15,0,120,26,4,72,45,49,15,724,26,2258,1,119,193,109,0,0,0,0,0,0,0,0,0,6,0,0,2,0,0,0,0,0,0,0,0,0,0,0,0,0,0,0
Reductions-flt.rbc,1,0,79,3,0,1,698,652,55,8,21,3,10,74,216,84,15,0,120,26,4,72,45,49,15,724,26,2288,1,119,193,109,0,0,0,0,0,0,0,0,0,6,0,0,2,0,24,6,0,0,0,0,0,0,0,0,0,0,0,0
Searching-dbl.rbc,1,0,49,3,0,1,573,573,21,2,8,0,10,41,188,40,3,0,45,13,0,39,16,34,2,586,13,1662,0,44,92,54,0,0,0,0,0,0,0,0,0,0,0,0,1,0,0,0,0,0,0,0,0,0,0,0,0,0,0,0
Searching-flt.rbc,1,0,49,3,0,1,573,573,21,2,8,0,10,41,188,40,3,0,45,13,0,39,16,34,2,586,13,1692,0,44,92,54,0,0,0,0,0,0,0,0,0,0,0,0,1,0,24,6,0,0,0,0,0,0,0,0,0,0,0,0
StatementReordering-dbl.rbc,1,0,53,3,0,1,573,578,23,0,9,5,11,57,189,52,3,0,40,13,0,55,14,38,5,586,13,1723,0,39,89,53,0,0,0,0,0,0,0,0,0,0,0,0,1,0,0,0,0,0,0,0,0,0,0,0,0,0,0,0
StatementReordering-flt.rbc,1,0,53,3,0,1,573,578,23,0,9,5,11,57,189,52,3,0,40,13,0,55,14,38,5,586,13,1753,0,39,89,53,0,0,0,0,0,0,0,0,0,0,0,0,1,0,24,6,0,0,0,0,0,0,0,0,0,0,0,0
Symbolics-dbl.rbc,1,0,61,3,0,1,601,593,26,0,12,1,10,54,196,53,7,0,47,16,1,52,17,38,9,617,16,1799,0,46,115,72,0,0,0,0,0,0,0,0,0,0,0,0,1,0,0,0,0,0,0,0,0,0,0,0,0,0,0,0
Symbolics-flt.rbc,1,0,61,3,0,1,601,593,26,0,12,1,10,54,196,53,7,0,47,16,1,52,17,38,9,617,16,1829,0,46,115,72,0,0,0,0,0,0,0,0,0,0,0,0,1,0,24,6,0,0,0,0,0,0,0,0,0,0,0,0
PAQ8p.rbc,1,204,828,21,233,92,2130,2007,4,1,5,8,6,1049,1013,1702,383,114,536,214,34,394,6,635,370,2684,215,13354,21,496,818,562,0,116,18,53,150,6,0,23,215,1,0,13,8,4,0,0,244,0,5,0,0,0,0,0,64,286,127,32
dc.rbc,1,5,252,34,20,110,1064,459,0,0,0,0,0,1723,389,1141,100,3,383,74,8,125,0,408,70,1155,74,6773,5,384,508,282,0,19,9,17,11,12,8,0,313,0,1,2,5,8,0,0,0,0,0,0,0,0,0,0,0,0,0,0
is.rbc,1,2,29,2,0,0,102,30,5,0,0,18,4,34,33,49,1,0,22,6,0,38,5,35,6,108,6,426,3,22,43,30,1,0,0,0,0,0,0,0,0,5,0,0,0,0,0,0,0,0,0,0,0,0,0,0,0,0,0,0
8b10b.rbc,1,2,4,0,18,3,37,13,0,0,0,0,0,10,11,18,2,7,9,7,0,7,0,11,0,44,7,179,0,9,27,20,1,0,0,9,4,0,0,4,3,0,0,0,0,0,0,0,0,0,0,0,0,0,0,0,0,0,0,0
beamformer.rbc,1,0,85,23,4,4,211,43,20,5,0,20,7,220,56,87,102,0,52,18,0,128,10,66,10,231,18,1191,0,51,105,72,2,0,1,0,0,0,0,0,0,0,0,0,0,1,10,8,0,0,0,0,0,0,0,0,0,0,0,0
bmm.rbc,1,0,19,1,5,0,50,15,3,0,0,1,0,14,16,25,1,1,16,7,0,12,0,7,1,60,7,205,0,16,29,11,4,0,3,2,1,0,0,0,2,0,2,0,0,0,1,0,0,0,0,0,0,0,0,0,0,0,0,0
dbms.rbc,1,0,34,32,2,74,1027,520,2,32,9,7,8,791,394,539,2,0,186,48,0,35,12,235,7,1169,48,4108,0,173,202,114,0,6,94,0,0,0,0,1,2,1,0,0,0,0,7,1,0,0,0,0,0,0,0,0,0,0,0,0
ecbdes.rbc,1,0,65,3,206,10,74,26,0,0,0,0,0,249,24,209,1,35,31,13,0,46,0,28,18,91,13,1633,15,31,75,37,0,8,4,215,80,0,0,268,20,0,0,0,0,0,0,0,0,0,0,0,0,0,0,0,0,0,0,0
analyzer.rbc,1,0,61,16,0,20,284,160,0,0,10,2,0,292,123,307,9,0,86,16,27,98,2,97,18,315,16,1671,0,86,98,45,0,0,15,0,0,0,1,4,2,0,18,0,2,0,1,0,0,0,0,0,0,0,0,0,0,0,0,0
distray.rbc,1,0,17,21,5,8,79,49,63,21,14,84,22,262,13,246,7,0,20,9,0,11,6,90,5,89,9,1064,1,20,43,29,0,0,1,0,0,0,0,0,4,2,1,1,0,0,0,0,0,3,0,0,0,0,0,0,0,0,0,0
fourinarow.rbc,1,0,107,18,23,0,423,74,14,0,2,12,0,48,145,126,37,13,157,17,0,33,14,48,0,441,17,1440,0,154,112,58,0,0,1,8,52,0,0,1,54,12,0,1,0,0,0,0,0,0,0,0,0,0,0,0,0,0,0,0
mason.rbc,1,0,9,11,9,8,82,41,0,0,0,0,0,152,39,110,0,0,9,9,0,45,0,36,1,92,9,568,0,3,15,10,0,0,1,0,0,0,0,0,0,0,0,0,6,0,0,0,0,0,0,0,0,0,0,0,0,0,0,0
neural.rbc,1,0,42,1,0,15,222,89,7,6,2,9,2,99,79,182,20,0,68,10,0,108,8,39,2,244,10,1040,0,63,56,22,0,1,12,0,0,0,0,1,3,1,0,3,0,0,7,2,0,0,0,0,0,0,0,0,0,0,0,0
pcompress2.rbc,1,3,78,7,4,9,181,97,0,0,0,0,0,112,69,254,30,2,36,25,7,54,0,116,32,215,25,1234,1,34,60,41,0,16,9,0,0,0,1,1,91,0,0,0,0,0,0,0,0,0,0,0,0,0,0,0,0,0,0,0
pifft.rbc,1,60,739,3,9,22,819,318,548,14,15,412,603,1961,283,1195,90,0,287,76,16,1127,79,666,296,898,76,9717,42,279,953,660,0,2,3,0,28,0,0,0,9,25,0,9,3,0,0,0,0,0,0,0,0,0,0,0,0,0,0,0
cfrac.rbc,1,2,223,46,28,72,999,521,10,3,8,12,5,462,605,821,20,1,360,60,8,52,0,295,51,1065,60,5349,8,237,306,153,2,70,3,14,8,11,10,9,514,0,10,0,0,3,7,4,0,3,19,0,0,0,0,0,0,0,0,0
expresso.rbc,1,226,1302,76,793,477,6179,2674,1,1,3,1,1,5745,2301,6282,498,210,1564,360,46,1727,4,1597,340,6575,360,33027,37,1387,2385,1320,0,22,21,126,165,0,0,78,120,0,0,9,19,15,0,0,0,0,44,0,0,0,0,0,0,0,0,0
gs.rbc,1,435,640,291,455,1506,5980,1747,72,96,52,251,81,7872,2337,5084,249,56,1688,737,45,413,153,2289,441,6854,737,35809,5,1433,3459,2317,1,513,6,28,141,25,4,125,1206,71,0,32,13,131,277,139,0,9,119,0,0,0,0,0,0,0,0,0
make.rbc,1,2,338,88,247,204,4212,1678,0,2,4,4,0,2720,1863,3054,45,94,1216,154,3,609,0,733,152,4410,154,18638,3,1047,1005,525,0,118,25,97,25,0,13,27,683,0,7,37,1,19,0,0,0,0,162,0,0,2,0,0,0,0,0,0
01-qbsort.rbc,1,0,10,4,0,17,78,55,0,0,0,0,0,56,25,70,4,0,22,8,0,18,0,24,4,90,8,401,0,21,37,20,0,1,3,0,0,0,0,0,1,0,0,0,0,1,0,0,0,0,0,0,0,0,0,0,0,0,0,0
03-testtrie.rbc,1,0,7,1,0,2,57,43,0,0,0,0,0,52,25,47,0,0,9,11,0,16,0,11,4,69,11,290,0,9,27,21,0,2,1,0,1,0,0,1,0,0,0,0,0,0,0,0,0,0,0,0,0,0,0,0,0,0,0,0
04-bisect.rbc,1,0,17,9,0,5,67,30,11,10,5,10,9,40,13,55,3,0,27,8,0,39,3,22,5,77,8,390,0,27,46,31,1,0,2,0,0,0,0,0,0,0,0,0,0,0,0,0,0,0,0,0,0,0,0,0,0,0,0,0
05-eks.rbc,1,0,118,8,0,12,302,112,28,14,12,56,26,230,72,219,4,0,93,29,0,221,13,50,29,331,29,1654,3,85,217,106,43,0,0,0,0,0,0,0,0,6,0,0,0,0,0,0,0,0,0,0,0,0,0,0,0,0,0,0
08-main.rbc,1,0,34,25,0,41,173,147,25,3,2,43,4,635,59,287,0,0,42,41,0,53,3,170,0,214,41,1792,2,41,160,113,0,0,0,0,0,0,0,0,1,0,0,0,0,0,4,0,0,0,0,0,0,0,0,0,0,0,0,0
09-vor.rbc,1,0,15,100,0,297,315,254,4,25,6,14,9,844,137,720,19,0,34,51,0,51,26,284,25,370,51,3291,3,32,108,79,5,0,4,0,0,0,0,1,4,6,0,0,0,0,0,0,46,0,0,0,0,0,0,0,0,0,0,0
12-IOtest.rbc,1,0,12,3,0,1,12,78,0,0,0,0,0,34,4,28,1,0,4,31,0,24,0,27,0,43,31,266,1,2,52,49,0,5,0,0,0,0,2,0,0,0,0,0,0,0,0,0,0,0,0,0,0,0,0,0,0,0,0,0
15-trie.rbc,1,0,5,1,0,3,62,43,0,0,0,0,0,60,27,39,3,0,3,12,0,13,0,25,0,83,12,307,0,3,28,21,1,1,9,0,0,0,0,1,0,0,0,0,0,0,0,0,0,0,0,0,0,0,0,0,0,0,0,0
17-bintr.rbc,1,0,5,7,0,1,68,47,4,0,2,0,0,38,24,46,0,0,23,15,0,5,3,15,0,83,15,304,1,21,32,23,0,0,0,0,0,0,0,1,0,0,0,0,0,0,0,0,0,0,0,0,0,0,0,0,0,0,0,0
bh.rbc,1,3,70,35,2,53,447,206,20,43,26,33,23,424,131,203,0,0,94,35,6,126,6,134,2,514,35,2198,6,93,278,134,51,1,32,0,1,0,0,1,1,10,0,0,0,0,12,12,6,0,0,0,0,0,0,0,0,0,0,0
bisort.rbc,1,0,11,2,0,1,53,38,0,0,0,0,0,50,24,38,5,0,19,13,4,0,0,28,2,66,13,303,0,19,71,56,0,0,0,0,1,0,0,4,5,0,0,0,5,0,0,0,0,0,0,0,0,0,0,0,0,0,0,0
em3d.rbc,1,0,21,0,0,12,111,80,0,1,1,3,3,137,38,118,17,0,26,24,15,44,1,43,6,139,24,711,10,26,101,65,0,2,4,0,0,0,0,0,1,0,0,0,3,0,0,0,0,0,0,0,0,0,0,0,0,0,0,0
health.rbc,1,0,18,12,0,17,88,51,6,2,2,3,0,198,28,79,5,0,23,13,1,13,4,68,8,101,13,655,1,23,71,43,0,2,0,0,0,0,0,2,0,3,0,0,1,0,6,2,0,0,0,0,0,0,0,0,0,0,0,0
mst.rbc,1,0,18,9,0,19,94,52,0,0,0,0,0,89,34,59,9,0,26,16,9,17,0,42,5,115,16,525,0,24,86,64,0,1,5,1,0,0,1,0,0,0,0,0,5,0,0,0,8,0,5,0,0,1,0,0,0,0,0,0
perimeter.rbc,1,0,41,0,0,1,106,48,0,0,0,0,0,51,48,31,2,0,24,12,13,0,0,24,17,123,12,427,2,20,61,45,0,0,1,0,0,0,0,0,4,0,0,0,0,4,0,0,0,0,0,0,0,0,0,0,0,0,0,0
power.rbc,1,0,17,19,0,28,112,62,39,12,36,81,51,294,26,175,3,0,35,17,0,28,0,90,3,129,17,1141,6,33,92,63,0,0,0,0,0,0,0,1,0,2,0,0,0,0,0,0,10,0,0,0,0,0,0,0,0,0,0,0
treeadd.rbc,1,0,4,0,0,1,16,15,0,0,0,0,0,8,5,7,0,0,5,4,3,0,0,5,2,21,4,76,0,5,24,19,0,0,1,0,0,0,0,0,0,0,0,0,0,0,0,0,0,0,0,0,0,0,0,0,0,0,0,0
tsp.rbc,1,0,3,0,0,1,104,64,12,10,5,6,16,95,28,50,1,0,43,14,11,0,0,59,0,119,14,527,1,42,107,65,0,0,0,0,0,0,0,2,2,0,0,0,0,1,0,0,0,0,0,0,0,0,0,0,0,0,0,0
voronoi.rbc,1,0,60,53,91,88,151,185,8,4,5,23,21,327,60,233,7,44,45,45,10,7,3,83,7,199,45,1942,9,45,201,152,1,0,3,0,0,0,0,62,2,0,0,0,3,0,20,12,8,0,159,0,0,113,0,0,0,0,0,0
agrep.rbc,1,6,457,41,326,52,2191,426,0,0,0,0,0,1502,865,1473,19,303,655,65,6,581,0,648,245,2300,65,10665,0,635,492,235,0,58,36,111,25,0,1,27,530,0,0,0,0,8,0,0,0,0,8,0,0,0,0,0,0,0,0,0
allroots.rbc,1,0,10,0,0,2,56,54,11,6,9,21,18,44,12,44,0,0,16,6,0,16,0,3,8,62,6,336,0,15,34,18,0,0,0,0,0,0,0,0,0,0,0,0,0,0,0,0,0,0,0,0,0,0,0,0,0,0,0,0
archie-client.rbc,1,0,52,36,11,23,956,370,0,0,0,0,0,669,430,818,2,1,222,45,2,82,0,392,13,1009,45,4215,0,187,183,96,0,16,6,0,2,0,0,2,38,0,0,15,2,2,0,0,2,0,5,0,0,1,0,0,0,0,0,0
assembler.rbc,1,0,70,54,0,4,710,522,0,0,0,4,0,318,308,447,15,0,89,51,13,183,6,182,25,766,51,3086,0,71,261,208,0,41,0,0,0,1,0,12,18,6,0,0,0,5,0,0,0,0,2,0,0,0,0,0,0,0,0,0
bison.rbc,1,8,301,3,41,192,2355,900,0,0,0,0,0,997,890,2105,120,16,702,134,11,871,0,543,62,2505,134,10515,0,670,555,245,1,182,3,0,20,0,0,11,13,0,0,1,2,13,0,0,0,0,19,0,0,0,0,0,0,0,0,0
cdecl.rbc,1,0,34,2,4,162,656,352,0,0,0,0,0,320,232,474,0,9,76,32,1,130,0,268,6,703,32,2836,0,58,96,59,0,18,9,0,0,0,0,0,27,0,0,14,0,6,0,0,0,0,4,0,0,0,0,0,0,0,0,0
compiler.rbc,1,0,43,3,8,0,875,454,1,1,3,1,0,190,341,505,0,0,49,39,0,98,2,148,3,923,39,2789,0,40,78,42,0,5,0,0,0,0,0,0,8,0,0,0,0,9,3,0,0,0,0,0,0,0,0,0,0,0,0,0
fixoutput.rbc,1,0,11,4,0,0,100,100,0,0,0,0,0,6,17,64,0,0,2,5,0,8,0,25,3,110,5,357,0,1,3,2,0,1,1,0,0,0,0,0,4,0,0,0,0,4,0,0,0,0,2,0,0,0,0,0,0,0,0,0
football.rbc,1,0,637,12,0,0,1442,532,54,44,76,54,0,3023,572,1657,1,0,439,57,0,1864,198,182,75,1509,57,11041,0,308,301,135,0,4,9,0,0,0,0,8,60,11,0,29,0,1,0,0,0,0,0,0,0,0,0,0,0,0,0,0
gnugo.rbc,1,0,132,22,0,0,1036,293,0,0,0,0,0,383,444,520,10,0,145,27,1,333,0,252,83,1065,27,3847,0,132,136,71,0,12,1,0,0,0,0,0,144,0,0,0,8,1,0,0,0,0,0,0,0,0,0,0,0,0,0,0
loader.rbc,1,0,58,30,0,3,330,193,0,0,0,1,0,173,130,189,11,0,79,29,10,67,1,76,16,362,29,1425,0,64,133,91,0,11,0,0,0,0,0,4,8,1,0,0,0,3,0,0,0,0,2,0,0,0,0,0,0,0,0,0
plot2fig.rbc,1,1,20,4,10,0,176,155,15,1,19,4,17,29,65,148,1,3,55,27,3,37,24,81,2,208,27,940,0,56,86,69,0,8,2,0,3,0,0,3,4,15,0,0,0,3,3,1,0,0,0,0,0,1,0,0,0,0,0,0
simulator.rbc,1,0,171,79,0,3,1401,679,0,8,6,19,4,537,594,900,69,0,196,110,64,370,23,279,102,1520,110,5699,0,178,321,214,0,38,0,0,0,0,0,10,8,18,0,0,0,9,0,0,0,0,2,0,0,0,0,0,0,0,0,0
TimerWolfMC.rbc,1,1,2886,220,38,438,10466,2874,130,112,257,580,332,13594,4055,15146,339,0,3528,224,300,3915,416,3624,1570,10872,224,65738,16,3235,2508,1112,0,34,170,0,0,0,2,2,10,289,0,7,161,12,0,0,0,0,6,0,0,0,0,0,0,0,0,0
unix-smail.rbc,1,1,62,56,19,4,870,408,0,0,0,0,0,489,380,494,1,1,189,46,2,208,0,160,42,926,46,3492,0,162,233,120,5,14,8,0,0,0,0,0,23,0,0,3,0,2,0,0,0,0,8,0,0,2,0,0,0,0,0,0
unix-tbl.rbc,1,0,231,12,3,3,1581,573,0,0,0,0,0,590,725,944,5,5,354,84,0,447,0,237,79,1691,84,6012,1,312,266,110,0,12,3,0,0,0,0,1,36,0,0,21,1,23,0,0,0,0,37,0,0,5,0,0,0,0,0,0
perlbench.rbc,1,94,3741,849,7202,11041,55161,17139,50,163,16,26,36,49622,27392,57706,636,1266,14068,1868,938,9461,42,13805,3121,58041,1868,289915,33,10609,13122,8436,196,2631,178,203,351,36,20,353,5935,20,46,514,33,834,6,7,8,14,3264,0,0,19,0,0,0,0,0,0
bzip2.rbc,1,51,1060,52,145,153,2691,534,1,0,6,7,1,4179,1096,2852,49,98,797,101,11,832,5,1216,282,2836,101,17660,8,783,668,386,2,163,26,104,147,2,4,35,916,2,1,15,2,18,4,0,0,0,2,0,0,0,0,0,0,0,0,0
gcc.rbc,1,72,6525,1521,31461,74911,160303,55685,11,11,27,21,7,146852,81277,140039,1403,2105,27824,5581,634,16380,23,20658,3930,170639,5581,808761,388,22947,33484,20346,550,1708,2148,7622,2234,411,316,855,9862,7,18,2778,92,2607,7,1,6,0,774,0,0,54,0,0,0,0,0,0
mcf.rbc,1,0,72,8,0,54,488,95,2,0,0,2,0,693,188,448,8,0,155,24,10,9,6,227,78,514,24,2588,0,141,183,96,0,6,1,0,0,0,0,3,3,0,0,2,1,1,0,0,0,0,3,0,0,1,0,0,0,0,0,0
milc.rbc,1,10,642,203,13,1119,3657,2021,360,16,48,648,251,6483,1278,3569,192,17,997,235,23,1459,28,848,306,3926,235,24943,128,902,1576,909,30,88,12,14,16,4,6,18,129,0,0,0,77,22,0,0,38,0,94,0,0,2,0,0,0,0,0,0
namd.rbc,1,110,1675,561,1026,2368,9067,2757,3221,219,42,4644,1763,12442,3522,7940,702,16,6301,139,436,3462,63,2835,744,9680,140,69938,792,5618,9292,6311,1,313,66,675,13,1,0,1,229,3,0,338,6,233,269,113,748,0,626,0,0,0,0,0,34,158,40,17
gobmk.rbc,1,4,8347,1007,591,2253,29053,12081,153,282,47,193,107,22576,14349,20346,507,157,6792,2683,407,14000,87,4139,3285,32338,2683,150236,7,5538,17037,14248,90,79,194,68,65,4,6,551,4192,48,1,180,406,408,494,80,0,0,14,0,0,0,0,0,0,0,0,0
hmmer.rbc,1,3,1977,274,231,1233,11967,4662,238,170,190,256,135,13883,4758,11907,406,81,2912,547,23,6478,189,3070,1208,12627,547,68825,5,2605,3902,2374,131,166,24,0,6,6,2,23,930,58,0,19,28,89,435,201,0,0,38,0,0,2,0,0,0,0,0,0
sjeng.rbc,1,37,1280,116,55,385,6666,1705,12,11,39,28,9,3751,3199,5238,73,4,1455,146,27,2286,55,1645,1094,6862,146,30504,1,1308,1154,615,78,35,17,7,35,2,7,154,745,10,18,81,15,33,25,4,0,0,0,0,0,0,0,0,0,0,0,0
libquantum.rbc,1,2,271,137,57,267,976,641,65,94,27,161,45,1419,299,948,127,7,295,116,9,238,9,405,94,1154,116,7098,4,211,454,295,0,18,42,5,104,3,2,19,71,2,4,0,16,20,41,34,8,0,0,0,0,0,0,0,0,0,0,0
h264ref.rbc,1,902,8470,296,454,1063,20146,4143,195,97,167,292,55,33259,7781,32226,1717,201,5785,590,850,13546,322,6658,2053,20851,590,145098,14,4452,4036,2396,19,643,51,17,575,22,27,68,1727,118,21,167,274,64,45,8,0,3,0,0,0,0,0,0,0,0,0,0
lbm.rbc,1,0,710,12,6,54,176,95,381,5,18,268,239,539,68,443,416,5,50,21,3,482,2,122,4,202,21,4148,6,49,115,65,0,2,5,0,0,0,0,0,4,0,0,2,2,0,7,7,0,0,0,0,0,0,0,0,0,0,0,0
